[
  {
    "id": "1",
    "title": "Grocery List",
    "content": "Buy milk, eggs, and bread",
    "createdAt": "2025-01-01T10:00:00.000Z",
    "updatedAt": "2025-01-01T10:00:00.000Z"
  },
  {
    "id": "2",
    "title": "Meeting Notes",
    "content": "Discussed roadmap and assigned tasks",
    "createdAt": "2025-01-02T14:30:00.000Z",
    "updatedAt": "2025-01-02T14:30:00.000Z"
  },
  {
    "id": "3",
    "title": "Ideas",
    "content": "Build a personal finance tracker",
    "createdAt": "2025-01-03T09:15:00.000Z",
    "updatedAt": "2025-01-03T09:15:00.000Z"
  },
  {
    "id": "1754202667054",
    "title": "hi",
    "content": "testing creation",
    "createdAt": "2025-08-03T06:31:07.054Z",
    "updatedAt": "2025-08-03T06:31:07.054Z"
  },
  {
    "id": "1754202703953",
    "title": "dsczx",
    "content": "ewdasxZ",
    "createdAt": "2025-08-03T06:31:43.953Z",
    "updatedAt": "2025-08-03T06:31:43.953Z"
  }
]